User_ID,Group,Retention_7d,Retention_30d,Avg_Session_Time,Region
101,Test,0,1,7,EU
102,Control,1,0,13,US
103,Test,1,0,9,US
104,Test,1,0,12,EU
105,Test,1,1,11,EU
106,Control,0,1,18,US
107,Test,1,1,12,US
108,Test,0,1,11,US
109,Test,0,1,7,EU
110,Control,0,1,6,EU
111,Test,0,1,11,Asia
112,Test,0,0,7,US
113,Test,1,1,7,EU
114,Test,1,0,6,US
115,Control,1,0,8,EU
116,Test,1,1,12,US
117,Control,0,1,16,EU
118,Control,1,0,5,Asia
119,Control,0,0,5,Asia
120,Test,1,1,16,US
121,Control,0,1,18,EU
122,Test,0,0,9,EU
123,Control,1,1,15,US
124,Control,0,1,9,EU
125,Control,0,1,15,US
126,Control,1,0,16,EU
127,Control,0,0,5,US
128,Control,1,0,10,EU
129,Control,1,1,5,US
130,Control,1,1,9,EU
131,Test,0,0,13,Asia
132,Test,0,0,16,EU
133,Control,0,0,18,US
134,Control,1,1,9,Asia
135,Control,0,0,10,EU
136,Test,1,0,12,Asia
137,Control,1,1,15,EU
138,Test,0,1,5,Asia
139,Test,1,1,18,US
140,Test,0,0,6,EU
141,Test,0,1,13,EU
142,Test,0,1,7,US
143,Control,0,0,10,Asia
144,Control,0,1,9,US
145,Control,1,0,15,US
146,Control,1,0,6,Asia
147,Control,1,1,18,US
148,Test,0,1,19,EU
149,Control,0,1,11,EU
150,Control,0,1,8,EU
151,Test,1,1,5,US
152,Control,0,1,17,EU
153,Test,1,0,8,EU
154,Control,1,0,10,EU
155,Test,0,1,11,EU
156,Control,0,0,19,EU
157,Control,1,1,11,EU
158,Test,0,0,18,US
159,Test,1,0,11,EU
160,Test,0,0,7,EU
161,Test,0,1,10,Asia
162,Test,1,0,17,US
163,Test,0,1,12,US
164,Test,1,0,8,US
165,Test,0,0,17,US
166,Control,1,0,12,EU
167,Control,1,0,6,EU
168,Test,0,0,19,Asia
169,Control,1,1,14,Asia
170,Control,0,1,13,US
171,Control,0,0,13,Asia
172,Control,0,0,12,Asia
173,Test,1,0,14,US
174,Control,1,0,18,US
175,Test,0,1,17,Asia
176,Control,0,0,14,EU
177,Control,1,1,5,Asia
178,Control,0,0,6,Asia
179,Test,0,1,10,EU
180,Control,1,0,14,EU
181,Test,0,0,9,US
182,Control,1,1,16,US
183,Test,0,0,18,Asia
184,Control,1,0,13,EU
185,Test,0,0,9,US
186,Test,0,1,6,Asia
187,Control,1,0,14,EU
188,Test,0,0,8,Asia
189,Control,1,1,13,US
190,Control,0,1,5,US
191,Control,1,1,15,EU
192,Control,1,0,5,Asia
193,Control,1,0,16,EU
194,Control,1,0,11,US
195,Control,0,1,15,US
196,Control,0,0,7,Asia
197,Control,1,0,14,Asia
198,Control,1,1,6,Asia
199,Control,1,1,13,EU
200,Test,0,1,7,Asia
201,Test,0,1,6,Asia
202,Control,0,1,16,US
203,Control,0,0,12,US
204,Control,1,1,14,Asia
205,Control,1,0,10,Asia
206,Control,1,0,10,US
207,Control,0,1,14,Asia
208,Control,0,1,15,EU
209,Control,0,1,11,EU
210,Test,1,0,11,EU
211,Control,1,1,15,Asia
212,Test,0,1,17,US
213,Control,1,1,19,Asia
214,Control,0,1,10,Asia
215,Test,0,1,8,US
216,Control,1,0,15,US
217,Test,0,0,13,US
218,Control,1,0,10,EU
219,Control,0,1,8,Asia
220,Test,1,1,16,US
221,Control,1,1,7,Asia
222,Test,1,0,8,EU
223,Control,0,1,7,EU
224,Test,0,1,19,US
225,Test,1,1,6,US
226,Control,1,0,18,Asia
227,Control,0,1,9,US
228,Test,0,0,6,Asia
229,Control,0,1,10,US
230,Control,1,0,7,Asia
231,Control,0,0,10,Asia
232,Test,0,0,19,Asia
233,Test,1,1,15,Asia
234,Test,0,1,14,EU
235,Test,0,0,13,Asia
236,Test,0,0,5,US
237,Test,1,1,10,EU
238,Test,1,1,13,EU
239,Test,1,0,15,Asia
240,Test,1,1,8,EU
241,Control,1,1,15,Asia
242,Test,1,1,16,US
243,Control,1,1,6,Asia
244,Control,0,0,17,EU
245,Control,0,1,8,US
246,Test,1,1,5,Asia
247,Test,0,0,7,US
248,Test,0,0,14,US
249,Test,1,1,13,EU
250,Control,0,1,14,US
251,Test,0,1,9,EU
252,Test,0,1,19,US
253,Test,0,0,15,Asia
254,Test,0,0,10,US
255,Test,1,0,7,Asia
256,Control,1,1,9,Asia
257,Test,1,1,15,US
258,Control,0,1,12,Asia
259,Test,1,1,10,US
260,Control,0,0,8,US
261,Test,0,0,6,Asia
262,Test,0,1,18,Asia
263,Control,0,0,13,EU
264,Control,1,1,17,Asia
265,Control,1,1,16,EU
266,Test,0,0,5,Asia
267,Control,1,1,5,US
268,Test,0,1,17,Asia
269,Test,1,0,8,US
270,Control,1,1,11,US
271,Control,0,1,5,US
272,Test,1,0,13,EU
273,Test,0,1,8,Asia
274,Control,1,0,7,US
275,Control,0,1,5,US
276,Control,0,0,14,EU
277,Test,1,0,8,Asia
278,Test,1,0,13,Asia
279,Test,0,1,17,EU
280,Test,1,0,18,EU
281,Test,1,0,14,Asia
282,Test,0,0,10,EU
283,Control,0,0,10,Asia
284,Test,1,0,5,Asia
285,Test,0,1,14,US
286,Test,0,1,6,US
287,Control,0,1,15,Asia
288,Test,1,1,10,Asia
289,Test,1,1,6,Asia
290,Control,0,1,7,Asia
291,Test,1,1,8,Asia
292,Test,0,0,15,Asia
293,Test,1,1,9,EU
294,Test,0,0,19,Asia
295,Test,0,0,13,EU
296,Control,1,1,16,EU
297,Control,0,0,19,Asia
298,Control,1,0,19,Asia
299,Test,1,0,8,EU
300,Test,0,0,17,EU
301,Test,0,1,15,Asia
302,Control,1,1,13,Asia
303,Test,0,1,15,EU
304,Test,0,1,14,EU
305,Control,0,1,7,EU
306,Test,0,1,12,US
307,Control,0,1,16,EU
308,Control,1,1,5,US
309,Control,1,1,15,Asia
310,Test,0,1,13,Asia
311,Test,0,0,13,EU
312,Test,0,1,14,Asia
313,Test,1,0,6,Asia
314,Test,0,0,8,Asia
315,Test,1,0,17,Asia
316,Test,1,0,12,US
317,Control,1,1,11,US
318,Test,0,0,5,EU
319,Control,1,1,9,EU
320,Test,0,1,11,EU
321,Test,1,0,19,Asia
322,Test,0,1,8,Asia
323,Control,1,0,19,US
324,Control,0,0,19,US
325,Control,1,1,5,EU
326,Control,0,1,13,US
327,Test,0,0,18,US
328,Control,0,1,9,US
329,Test,0,1,15,US
330,Test,1,1,6,US
331,Control,1,0,12,EU
332,Control,0,0,15,EU
333,Control,1,1,17,US
334,Control,0,1,6,EU
335,Control,0,1,7,Asia
336,Control,1,1,18,US
337,Control,0,1,14,Asia
338,Control,0,0,5,EU
339,Test,1,1,15,EU
340,Control,0,0,6,Asia
341,Control,0,1,18,EU
342,Test,0,0,11,US
343,Control,0,1,14,Asia
344,Test,1,0,6,US
345,Test,1,1,10,Asia
346,Control,1,0,19,EU
347,Test,0,0,7,Asia
348,Test,0,0,8,Asia
349,Test,1,0,15,US
350,Test,0,0,19,EU
351,Control,0,0,17,US
352,Test,0,1,12,EU
353,Control,0,0,18,US
354,Test,1,1,7,Asia
355,Test,1,1,14,US
356,Test,1,1,10,EU
357,Test,0,1,5,EU
358,Control,1,1,11,Asia
359,Control,1,0,12,EU
360,Test,0,0,15,US
361,Test,0,0,18,Asia
362,Control,1,1,12,EU
363,Test,1,0,7,EU
364,Test,1,0,18,US
365,Test,1,0,14,US
366,Control,0,0,5,Asia
367,Control,1,0,13,EU
368,Control,1,1,17,US
369,Test,0,0,10,Asia
370,Test,1,1,15,EU
371,Control,0,1,13,EU
372,Control,0,1,11,Asia
373,Control,0,1,5,Asia
374,Control,1,1,16,US
375,Test,1,0,16,EU
376,Control,0,0,5,EU
377,Test,1,0,10,EU
378,Control,1,1,9,Asia
379,Test,0,0,13,US
380,Control,0,0,6,EU
381,Control,1,1,12,Asia
382,Control,0,1,15,EU
383,Control,1,1,9,US
384,Test,1,1,6,EU
385,Control,1,0,17,US
386,Test,1,1,14,US
387,Test,0,1,15,EU
388,Test,0,0,15,EU
389,Test,0,0,16,US
390,Control,0,1,10,Asia
391,Test,1,0,14,US
392,Test,1,1,12,EU
393,Test,0,1,8,EU
394,Control,1,0,6,Asia
395,Control,1,0,16,US
396,Control,1,1,15,US
397,Control,0,1,9,US
398,Test,0,1,19,EU
399,Test,0,0,16,US
400,Control,1,1,6,Asia
401,Test,0,1,6,EU
402,Test,0,1,19,EU
403,Test,0,1,10,US
404,Control,0,1,15,Asia
405,Control,0,0,14,EU
406,Test,0,1,13,EU
407,Control,1,1,17,US
408,Control,1,1,8,US
409,Control,0,1,10,Asia
410,Control,0,0,11,US
411,Control,1,0,17,Asia
412,Test,1,0,15,EU
413,Control,0,1,10,Asia
414,Test,0,1,12,Asia
415,Test,0,0,8,Asia
416,Control,0,0,16,EU
417,Test,1,0,19,US
418,Test,0,1,5,EU
419,Test,0,1,11,US
420,Control,0,0,7,Asia
421,Control,0,0,18,Asia
422,Test,1,0,10,Asia
423,Control,1,1,6,Asia
424,Control,1,1,13,Asia
425,Control,0,1,5,US
426,Control,0,0,10,US
427,Test,1,0,10,Asia
428,Test,0,1,9,EU
429,Control,0,0,17,EU
430,Control,1,1,9,Asia
431,Test,1,0,5,US
432,Test,1,0,14,EU
433,Control,1,0,16,EU
434,Test,0,0,9,EU
435,Control,0,1,6,Asia
436,Control,1,0,11,EU
437,Test,0,1,7,EU
438,Test,1,1,17,EU
439,Control,1,1,19,EU
440,Control,0,0,8,US
441,Test,1,1,7,Asia
442,Control,0,1,7,Asia
443,Test,0,1,8,US
444,Control,0,0,9,US
445,Test,0,0,5,Asia
446,Test,1,1,8,EU
447,Test,0,0,16,EU
448,Control,1,1,16,Asia
449,Control,1,1,15,EU
450,Test,1,0,12,US
451,Control,1,1,14,EU
452,Test,0,0,11,EU
453,Test,0,0,13,EU
454,Control,1,1,9,Asia
455,Control,1,0,17,US
456,Test,0,0,19,EU
457,Control,1,1,14,Asia
458,Control,0,1,8,EU
459,Test,1,0,12,US
460,Test,0,0,13,EU
461,Control,1,1,17,US
462,Test,1,0,11,EU
463,Test,0,0,18,US
464,Control,1,0,11,EU
465,Test,1,0,9,US
466,Test,0,0,8,EU
467,Control,1,0,18,EU
468,Control,0,0,14,Asia
469,Test,0,1,5,Asia
470,Test,1,1,14,US
471,Control,1,1,14,EU
472,Control,1,1,11,US
473,Control,1,1,5,Asia
474,Control,1,0,5,US
475,Test,1,0,9,US
476,Control,1,0,17,Asia
477,Control,0,0,13,EU
478,Test,1,1,10,US
479,Control,0,0,7,Asia
480,Test,1,0,17,EU
481,Control,1,1,7,Asia
482,Control,0,0,11,US
483,Control,1,0,10,EU
484,Test,1,1,13,EU
485,Test,0,0,10,Asia
486,Control,1,0,9,Asia
487,Test,1,0,14,Asia
488,Test,1,0,11,EU
489,Test,0,0,5,EU
490,Test,1,1,16,US
491,Test,1,1,11,EU
492,Test,1,1,7,US
493,Control,1,1,18,Asia
494,Control,0,1,13,Asia
495,Test,0,1,19,EU
496,Control,1,0,10,Asia
497,Control,1,1,13,Asia
498,Control,0,1,17,EU
499,Control,0,0,19,US
500,Test,1,0,9,EU
501,Control,0,1,11,US
502,Control,1,0,17,EU
503,Test,0,1,18,EU
504,Test,0,0,8,Asia
505,Control,0,1,19,EU
506,Control,0,0,11,EU
507,Control,1,0,17,US
508,Control,0,1,5,Asia
509,Control,0,1,11,US
510,Control,1,1,12,US
511,Test,0,1,9,Asia
512,Control,0,1,6,Asia
513,Control,1,0,9,Asia
514,Test,0,1,10,EU
515,Test,1,1,16,Asia
516,Test,1,0,6,Asia
517,Test,1,0,18,Asia
518,Control,1,1,10,US
519,Control,0,0,10,US
520,Control,1,0,5,EU
521,Control,0,1,18,US
522,Control,0,0,5,EU
523,Control,0,0,18,US
524,Test,0,1,15,Asia
525,Control,0,1,14,US
526,Test,0,0,7,EU
527,Test,0,0,18,US
528,Control,0,1,14,Asia
529,Test,0,0,14,EU
530,Control,0,0,19,Asia
531,Test,1,0,16,Asia
532,Control,1,1,7,EU
533,Test,1,0,8,Asia
534,Control,0,0,6,Asia
535,Control,1,1,13,US
536,Control,1,0,14,Asia
537,Control,1,0,16,Asia
538,Control,0,1,15,Asia
539,Test,0,1,18,Asia
540,Test,0,1,11,EU
541,Test,0,1,11,US
542,Control,1,0,19,Asia
543,Test,1,0,10,Asia
544,Control,1,1,19,EU
545,Control,1,1,7,Asia
546,Test,0,0,10,EU
547,Test,0,1,19,US
548,Control,0,0,18,US
549,Test,1,1,16,Asia
550,Control,0,0,12,Asia
551,Control,0,1,12,Asia
552,Control,1,1,15,EU
553,Control,1,0,17,Asia
554,Control,0,1,13,Asia
555,Test,0,0,19,US
556,Test,0,0,5,Asia
557,Control,0,0,18,US
558,Control,0,0,5,Asia
559,Test,0,0,7,US
560,Test,1,1,7,Asia
561,Control,1,1,14,US
562,Test,1,0,12,EU
563,Control,0,1,19,US
564,Test,1,0,14,US
565,Control,0,1,5,US
566,Test,0,1,17,Asia
567,Control,1,1,6,Asia
568,Test,0,1,6,Asia
569,Test,0,0,7,EU
570,Control,1,0,17,EU
571,Test,1,1,10,US
572,Control,1,1,5,EU
573,Test,0,0,6,US
574,Control,1,1,17,US
575,Test,1,0,19,US
576,Control,0,0,17,EU
577,Test,1,0,5,Asia
578,Control,1,1,9,EU
579,Test,1,0,17,US
580,Control,0,1,17,US
581,Control,0,0,11,EU
582,Control,0,1,12,US
583,Test,0,1,14,US
584,Control,1,1,5,EU
585,Test,0,0,11,EU
586,Control,0,0,17,EU
587,Test,1,1,9,US
588,Control,1,1,14,US
589,Test,1,1,5,Asia
590,Test,0,0,7,Asia
591,Control,0,0,11,EU
592,Test,0,0,14,Asia
593,Test,1,0,5,US
594,Control,1,1,11,Asia
595,Test,0,1,9,US
596,Test,1,0,5,EU
597,Test,1,0,5,EU
598,Control,1,1,18,US
599,Test,0,0,5,Asia
600,Control,1,0,15,EU
601,Test,1,0,13,EU
602,Test,0,0,15,Asia
603,Test,0,0,17,Asia
604,Control,1,0,7,US
605,Test,1,1,19,Asia
606,Test,0,0,17,Asia
607,Control,0,0,9,Asia
608,Test,1,1,15,US
609,Control,1,1,14,US
610,Control,1,1,16,EU
611,Test,1,0,13,US
612,Control,0,1,10,EU
613,Test,1,0,16,Asia
614,Control,1,0,13,EU
615,Control,0,0,12,EU
616,Test,1,1,12,Asia
617,Control,0,1,5,EU
618,Control,1,1,17,US
619,Control,1,1,13,US
620,Control,0,1,10,US
621,Control,0,0,13,US
622,Test,1,0,7,EU
623,Control,1,0,16,EU
624,Test,1,0,7,Asia
625,Control,0,1,10,EU
626,Test,1,1,13,EU
627,Test,0,0,11,EU
628,Control,0,1,18,Asia
629,Control,1,1,17,US
630,Control,0,0,7,EU
631,Test,1,0,7,Asia
632,Control,1,1,6,Asia
633,Test,1,1,13,Asia
634,Test,1,0,17,US
635,Test,1,0,19,EU
636,Control,0,0,7,Asia
637,Control,0,1,15,US
638,Test,1,0,9,Asia
639,Test,1,0,18,Asia
640,Control,0,1,18,Asia
641,Test,0,1,13,Asia
642,Control,0,1,12,Asia
643,Test,0,1,6,US
644,Control,1,1,7,EU
645,Test,1,0,6,EU
646,Control,0,0,12,EU
647,Test,1,1,10,EU
648,Control,0,1,10,US
649,Control,1,1,16,US
650,Test,0,1,19,US
651,Test,1,1,13,Asia
652,Control,0,0,12,Asia
653,Test,0,0,8,Asia
654,Control,1,0,19,EU
655,Test,0,0,16,Asia
656,Control,1,1,8,EU
657,Control,1,0,13,Asia
658,Control,0,1,5,EU
659,Control,1,1,17,Asia
660,Control,1,1,6,Asia
661,Control,1,0,6,US
662,Test,1,1,17,Asia
663,Test,1,0,17,Asia
664,Test,0,0,10,US
665,Control,1,1,19,EU
666,Control,1,1,8,US
667,Control,1,1,17,US
668,Control,1,0,15,EU
669,Test,1,1,14,Asia
670,Test,0,0,17,EU
671,Control,1,1,7,Asia
672,Test,0,1,7,Asia
673,Test,0,0,7,EU
674,Control,0,0,10,US
675,Test,0,0,18,EU
676,Control,1,0,12,Asia
677,Test,0,0,15,EU
678,Control,0,0,11,EU
679,Control,1,1,18,Asia
680,Control,1,1,8,US
681,Control,1,0,15,EU
682,Test,0,1,16,Asia
683,Control,1,0,8,Asia
684,Control,1,1,15,EU
685,Control,0,1,14,US
686,Test,1,0,19,EU
687,Control,1,0,15,US
688,Test,1,0,15,US
689,Control,1,1,18,US
690,Test,0,0,15,US
691,Test,1,1,6,EU
692,Control,1,0,18,Asia
693,Test,0,1,5,Asia
694,Control,1,1,13,Asia
695,Control,0,0,16,Asia
696,Control,1,1,19,Asia
697,Test,0,1,16,Asia
698,Test,0,0,6,EU
699,Control,0,1,17,US
700,Control,0,0,12,Asia
701,Test,1,0,19,EU
702,Control,0,0,13,Asia
703,Control,1,0,8,Asia
704,Control,0,1,12,US
705,Test,0,1,13,US
706,Test,0,1,14,US
707,Test,1,0,14,Asia
708,Control,0,1,9,Asia
709,Control,1,1,17,Asia
710,Control,1,0,18,US
711,Test,1,0,11,EU
712,Control,1,1,14,Asia
713,Control,1,0,8,Asia
714,Control,1,0,5,Asia
715,Control,1,0,7,EU
716,Test,1,0,9,Asia
717,Test,1,1,7,EU
718,Control,0,0,16,Asia
719,Test,0,0,17,EU
720,Test,0,0,15,Asia
721,Control,0,0,11,US
722,Control,0,0,16,US
723,Test,1,0,13,US
724,Control,1,0,19,US
725,Test,1,0,16,Asia
726,Control,1,1,10,US
727,Test,1,0,17,EU
728,Control,1,1,14,US
729,Test,1,0,5,US
730,Test,0,0,11,US
731,Test,0,0,19,Asia
732,Control,0,0,7,US
733,Test,0,1,9,EU
734,Test,1,0,14,US
735,Control,1,0,8,US
736,Control,1,1,14,US
737,Test,0,1,9,EU
738,Test,1,0,9,US
739,Control,1,1,10,EU
740,Control,1,1,18,EU
741,Control,0,1,14,US
742,Control,1,0,16,EU
743,Control,0,0,14,Asia
744,Test,0,0,17,US
745,Control,0,1,17,US
746,Test,0,0,15,EU
747,Test,1,1,10,EU
748,Test,0,0,12,US
749,Control,0,0,12,Asia
750,Test,1,1,15,EU
751,Test,1,0,13,EU
752,Control,0,1,12,Asia
753,Test,1,1,17,Asia
754,Test,0,0,15,US
755,Control,0,1,6,Asia
756,Test,0,0,18,US
757,Test,0,0,18,Asia
758,Test,1,1,16,EU
759,Control,0,0,14,US
760,Control,1,1,16,US
761,Control,1,0,15,US
762,Test,1,0,19,Asia
763,Test,1,0,5,EU
764,Control,0,0,14,US
765,Test,1,0,6,US
766,Test,0,1,6,US
767,Control,1,1,16,US
768,Control,1,1,7,EU
769,Test,0,1,14,Asia
770,Test,0,1,11,EU
771,Test,0,1,6,US
772,Control,1,0,18,EU
773,Control,1,0,5,US
774,Control,0,1,18,Asia
775,Control,0,1,10,Asia
776,Test,0,0,13,Asia
777,Control,0,0,19,US
778,Control,1,0,7,EU
779,Control,0,1,10,Asia
780,Control,0,1,7,US
781,Control,0,1,18,US
782,Test,0,0,17,EU
783,Test,1,0,5,Asia
784,Control,0,1,18,US
785,Test,1,1,17,EU
786,Control,0,0,16,Asia
787,Control,0,0,9,EU
788,Test,1,0,14,EU
789,Test,0,0,18,US
790,Control,1,1,17,US
791,Control,1,0,15,US
792,Control,0,0,8,EU
793,Test,1,0,11,US
794,Control,1,1,10,EU
795,Control,1,1,14,EU
796,Control,1,0,11,US
797,Test,1,0,9,Asia
798,Control,1,0,19,Asia
799,Control,1,1,19,Asia
800,Test,1,1,8,EU
801,Control,0,1,11,EU
802,Control,0,0,11,EU
803,Test,1,1,10,US
804,Control,0,0,12,EU
805,Test,1,0,8,US
806,Test,1,0,14,US
807,Control,0,1,9,Asia
808,Control,1,0,8,Asia
809,Control,1,1,16,Asia
810,Control,1,1,5,US
811,Test,1,0,16,US
812,Control,0,0,12,US
813,Test,1,1,5,EU
814,Control,1,0,9,US
815,Control,1,1,19,Asia
816,Control,0,0,10,Asia
817,Test,1,1,10,US
818,Control,0,1,17,US
819,Control,0,1,9,Asia
820,Control,1,1,7,US
821,Control,1,0,19,Asia
822,Test,0,0,9,EU
823,Control,1,1,16,Asia
824,Test,0,1,12,EU
825,Test,0,0,18,US
826,Test,1,0,6,US
827,Test,1,0,10,EU
828,Test,0,0,13,US
829,Test,0,0,12,EU
830,Control,0,0,18,US
831,Test,0,1,15,Asia
832,Test,1,0,12,US
833,Test,1,0,12,Asia
834,Control,1,1,19,Asia
835,Control,1,0,17,EU
836,Test,1,0,11,US
837,Control,0,0,12,EU
838,Test,1,0,17,US
839,Test,1,0,10,Asia
840,Control,1,1,6,Asia
841,Test,1,0,6,US
842,Control,1,1,12,US
843,Control,0,1,15,EU
844,Test,0,0,5,US
845,Test,0,1,10,US
846,Control,1,0,17,US
847,Test,0,1,10,EU
848,Test,0,1,15,US
849,Test,1,0,8,Asia
850,Control,1,0,16,EU
851,Control,1,0,15,EU
852,Test,0,0,17,Asia
853,Control,0,0,19,Asia
854,Control,1,1,15,Asia
855,Control,1,1,17,US
856,Control,0,1,14,Asia
857,Control,0,1,7,US
858,Test,1,1,17,EU
859,Test,1,1,15,EU
860,Test,0,1,7,Asia
861,Control,1,0,19,US
862,Control,0,0,19,Asia
863,Test,0,1,17,Asia
864,Control,0,1,17,US
865,Test,0,0,5,Asia
866,Test,1,0,7,EU
867,Test,1,0,8,Asia
868,Control,0,0,15,US
869,Control,0,1,15,US
870,Test,0,0,9,EU
871,Test,0,1,7,US
872,Test,0,1,10,US
873,Test,1,1,15,EU
874,Control,1,0,18,Asia
875,Control,1,0,19,EU
876,Test,1,1,16,Asia
877,Test,0,1,9,EU
878,Control,0,1,7,Asia
879,Control,0,0,10,EU
880,Test,0,1,10,Asia
881,Test,0,0,19,EU
882,Test,1,1,18,Asia
883,Control,0,1,12,EU
884,Control,1,1,6,US
885,Control,1,0,5,Asia
886,Test,1,0,8,EU
887,Test,1,1,11,Asia
888,Control,0,0,19,Asia
889,Control,1,1,15,EU
890,Test,1,0,14,Asia
891,Control,1,0,7,EU
892,Control,0,0,7,US
893,Test,0,1,9,Asia
894,Control,0,0,9,US
895,Test,1,0,17,Asia
896,Test,1,1,14,Asia
897,Test,0,1,7,Asia
898,Test,1,1,13,EU
899,Test,0,1,8,US
900,Test,0,0,17,Asia
901,Test,1,0,17,EU
902,Control,1,0,19,Asia
903,Test,1,0,7,EU
904,Test,1,0,15,Asia
905,Control,0,1,6,US
906,Control,0,0,14,US
907,Control,0,0,17,Asia
908,Test,0,0,15,EU
909,Control,0,1,13,Asia
910,Test,1,1,8,EU
911,Test,0,0,7,Asia
912,Test,0,1,11,EU
913,Test,0,1,12,US
914,Control,1,1,15,Asia
915,Control,1,1,18,US
916,Test,1,1,6,US
917,Test,1,1,11,Asia
918,Test,0,1,16,Asia
919,Control,0,0,9,EU
920,Test,1,0,19,EU
921,Test,1,1,15,US
922,Control,0,0,9,EU
923,Control,0,0,7,EU
924,Test,1,1,9,Asia
925,Control,1,0,16,EU
926,Control,1,1,6,US
927,Test,1,1,8,EU
928,Control,0,1,10,US
929,Test,0,0,5,Asia
930,Control,0,0,14,US
931,Test,1,0,8,EU
932,Test,1,0,10,Asia
933,Test,0,1,13,EU
934,Control,0,1,18,Asia
935,Test,0,0,15,Asia
936,Control,0,1,15,EU
937,Test,1,1,17,EU
938,Test,0,0,6,Asia
939,Control,0,1,15,Asia
940,Test,0,0,11,EU
941,Test,0,1,10,US
942,Control,0,0,6,EU
943,Test,0,1,12,Asia
944,Test,0,1,11,EU
945,Test,1,0,15,US
946,Test,1,0,9,EU
947,Control,1,0,16,Asia
948,Control,1,0,9,EU
949,Test,0,1,11,Asia
950,Control,1,1,13,Asia
951,Test,1,0,15,EU
952,Control,0,1,19,Asia
953,Test,0,0,13,Asia
954,Test,1,0,13,US
955,Test,1,1,10,US
956,Test,0,1,14,US
957,Test,1,0,10,US
958,Test,0,0,7,Asia
959,Control,0,0,5,EU
960,Test,0,1,11,Asia
961,Control,0,1,8,Asia
962,Test,1,1,5,Asia
963,Control,0,1,19,EU
964,Control,0,0,12,US
965,Control,1,0,16,Asia
966,Test,0,0,10,Asia
967,Test,1,0,10,US
968,Control,1,0,6,Asia
969,Test,1,0,19,EU
970,Control,0,1,5,Asia
971,Test,1,1,17,Asia
972,Control,1,0,18,US
973,Control,0,0,18,Asia
974,Test,1,1,6,Asia
975,Control,1,1,8,EU
976,Test,1,1,6,US
977,Control,1,1,5,US
978,Control,1,0,11,EU
979,Test,0,0,15,Asia
980,Test,1,0,15,US
981,Test,1,0,19,US
982,Control,0,0,16,Asia
983,Test,0,1,12,Asia
984,Control,0,0,10,US
985,Control,1,1,8,Asia
986,Test,0,0,18,US
987,Test,1,0,10,Asia
988,Control,1,0,7,Asia
989,Control,0,0,16,EU
990,Test,0,0,12,Asia
991,Test,1,1,14,EU
992,Test,0,1,18,Asia
993,Test,1,1,17,US
994,Test,0,0,17,US
995,Control,0,0,6,Asia
996,Control,0,1,9,Asia
997,Control,1,0,5,US
998,Control,0,0,10,Asia
999,Test,1,1,6,EU
1000,Test,1,0,8,EU
1001,Test,1,1,10,EU
1002,Control,1,0,14,EU
1003,Control,0,1,15,EU
1004,Test,1,0,12,Asia
1005,Test,1,0,16,Asia
1006,Control,0,1,12,EU
1007,Control,1,0,15,Asia
1008,Test,0,0,10,Asia
1009,Test,1,1,8,EU
1010,Control,0,0,12,Asia
1011,Test,1,1,17,Asia
1012,Test,0,0,12,Asia
1013,Test,1,0,14,EU
1014,Control,1,0,18,Asia
1015,Control,0,0,5,US
1016,Control,0,1,8,US
1017,Control,0,0,8,EU
1018,Control,0,1,11,US
1019,Control,1,0,18,EU
1020,Control,1,0,18,US
1021,Test,0,0,15,US
1022,Test,1,0,11,US
1023,Test,0,1,17,EU
1024,Test,0,1,15,EU
1025,Test,1,1,19,Asia
1026,Test,1,1,12,EU
1027,Test,1,0,15,US
1028,Control,1,1,9,US
1029,Control,1,1,11,EU
1030,Test,1,0,12,EU
1031,Test,1,0,19,EU
1032,Control,0,0,13,Asia
1033,Test,0,0,7,US
1034,Test,0,1,7,Asia
1035,Control,0,1,8,Asia
1036,Test,0,0,9,US
1037,Control,1,0,14,US
1038,Test,0,0,5,EU
1039,Control,0,1,19,EU
1040,Control,0,1,19,Asia
1041,Control,0,0,11,EU
1042,Test,0,0,13,EU
1043,Control,0,1,12,US
1044,Test,0,0,19,US
1045,Test,1,0,19,EU
1046,Test,1,1,9,US
1047,Test,0,0,18,EU
1048,Control,1,1,18,US
1049,Control,1,0,8,US
1050,Test,1,0,16,US
1051,Test,1,1,11,US
1052,Control,0,1,9,EU
1053,Test,1,0,11,Asia
1054,Control,1,1,16,US
1055,Test,1,0,5,EU
1056,Test,0,0,5,EU
1057,Control,0,1,14,US
1058,Test,0,0,18,Asia
1059,Control,0,0,17,US
1060,Test,0,1,7,EU
1061,Test,0,1,18,Asia
1062,Test,0,0,15,EU
1063,Control,1,1,6,US
1064,Test,1,1,6,Asia
1065,Test,1,1,11,EU
1066,Test,0,1,16,EU
1067,Test,0,0,14,EU
1068,Control,0,0,6,US
1069,Control,0,0,15,Asia
1070,Test,0,1,8,US
1071,Control,1,1,6,US
1072,Test,1,1,10,US
1073,Test,0,1,12,Asia
1074,Test,0,1,14,US
1075,Control,0,1,8,US
1076,Control,0,1,19,US
1077,Control,1,0,9,US
1078,Control,0,0,8,EU
1079,Control,0,1,7,US
1080,Control,0,1,9,EU
1081,Control,0,1,18,US
1082,Control,1,0,13,Asia
1083,Control,0,0,12,EU
1084,Test,0,1,12,EU
1085,Control,1,1,12,EU
1086,Control,1,0,16,EU
1087,Control,1,0,12,Asia
1088,Control,0,0,11,US
1089,Control,0,0,12,EU
1090,Control,1,1,15,Asia
1091,Control,1,0,18,EU
1092,Control,1,0,12,US
1093,Control,1,1,17,EU
1094,Control,1,0,18,Asia
1095,Control,1,0,12,US
1096,Test,0,0,16,Asia
1097,Test,0,1,14,US
1098,Control,0,0,11,US
1099,Control,1,1,16,US
1100,Test,1,1,5,EU
1101,Control,1,0,8,Asia
1102,Test,1,0,17,Asia
1103,Test,1,0,17,Asia
1104,Test,1,0,8,US
1105,Test,0,1,9,EU
1106,Test,0,0,14,US
1107,Control,1,0,10,Asia
1108,Test,0,0,8,EU
1109,Control,1,1,19,EU
1110,Control,0,0,6,EU
1111,Test,1,0,10,Asia
1112,Test,1,1,19,EU
1113,Control,0,1,12,EU
1114,Test,0,0,19,US
1115,Test,1,0,12,US
1116,Control,1,0,11,EU
1117,Control,0,0,10,EU
1118,Test,0,0,6,US
1119,Control,1,1,19,US
1120,Test,0,1,11,US
1121,Test,1,0,15,Asia
1122,Test,1,0,16,Asia
1123,Control,1,1,18,US
1124,Control,1,0,18,EU
1125,Control,0,0,9,US
1126,Control,0,0,10,Asia
1127,Control,0,0,14,EU
1128,Test,0,0,12,Asia
1129,Test,0,1,18,EU
1130,Test,0,0,12,Asia
1131,Test,0,0,7,EU
1132,Control,1,0,16,EU
1133,Test,0,1,16,EU
1134,Control,0,1,18,EU
1135,Test,1,1,11,Asia
1136,Control,0,1,5,Asia
1137,Control,0,0,5,EU
1138,Test,1,1,11,EU
1139,Test,0,0,19,Asia
1140,Test,0,0,19,EU
1141,Test,0,1,14,EU
1142,Control,1,1,13,EU
1143,Test,0,1,11,US
1144,Test,0,1,14,EU
1145,Control,1,1,9,US
1146,Test,0,0,12,EU
1147,Test,1,1,6,Asia
1148,Test,1,1,13,US
1149,Test,0,1,10,US
1150,Test,1,0,17,EU
1151,Control,1,1,13,EU
1152,Test,0,0,6,US
1153,Test,1,1,7,Asia
1154,Test,1,1,16,Asia
1155,Test,0,0,12,EU
1156,Test,0,1,5,Asia
1157,Control,0,0,19,Asia
1158,Test,1,0,14,EU
1159,Control,0,0,19,Asia
1160,Control,1,1,19,EU
1161,Test,1,1,19,US
1162,Test,1,1,11,EU
1163,Test,1,0,11,US
1164,Test,1,1,17,US
1165,Control,1,0,5,Asia
1166,Test,1,1,13,Asia
1167,Test,0,0,12,Asia
1168,Test,0,0,8,EU
1169,Test,1,0,14,Asia
1170,Test,1,1,15,US
1171,Test,0,0,9,Asia
1172,Control,1,0,6,Asia
1173,Control,0,0,17,EU
1174,Test,0,0,13,EU
1175,Test,0,0,19,US
1176,Test,1,0,16,EU
1177,Control,1,1,16,Asia
1178,Test,0,1,10,EU
1179,Control,0,0,7,US
1180,Test,0,1,16,Asia
1181,Test,0,1,11,US
1182,Test,0,0,13,EU
1183,Test,1,0,7,EU
1184,Control,0,0,6,US
1185,Control,1,1,11,Asia
1186,Test,0,0,11,EU
1187,Test,1,1,8,EU
1188,Control,1,0,15,Asia
1189,Control,1,1,13,EU
1190,Control,1,0,18,US
1191,Control,1,0,12,EU
1192,Test,1,1,17,EU
1193,Control,0,1,17,Asia
1194,Test,1,1,5,US
1195,Control,0,1,5,Asia
1196,Control,1,1,9,EU
1197,Control,1,1,10,EU
1198,Control,0,0,7,Asia
1199,Control,1,1,17,Asia
1200,Test,0,0,13,Asia
1201,Test,0,0,16,US
1202,Control,0,1,14,EU
1203,Control,0,0,18,Asia
1204,Test,1,1,19,EU
1205,Control,1,1,10,US
1206,Control,0,0,8,US
1207,Test,1,0,16,US
1208,Control,1,1,11,US
1209,Control,0,1,12,EU
1210,Test,1,0,13,US
1211,Test,0,0,17,US
1212,Test,0,0,15,Asia
1213,Control,1,0,10,US
1214,Test,1,1,19,Asia
1215,Test,1,1,10,US
1216,Test,0,1,12,US
1217,Test,0,1,16,Asia
1218,Test,1,0,9,US
1219,Test,1,0,18,EU
1220,Control,1,1,7,EU
1221,Control,1,1,16,US
1222,Test,0,1,7,EU
1223,Test,1,1,17,Asia
1224,Test,0,1,10,US
1225,Control,0,1,6,US
1226,Control,1,1,10,Asia
1227,Control,1,1,17,Asia
1228,Control,1,1,10,Asia
1229,Control,0,0,12,US
1230,Control,1,1,11,Asia
1231,Control,1,0,12,Asia
1232,Control,0,0,18,EU
1233,Control,1,1,13,EU
1234,Test,0,1,10,US
1235,Test,1,0,18,EU
1236,Test,0,0,7,EU
1237,Test,1,1,14,Asia
1238,Control,1,0,7,Asia
1239,Control,0,1,15,EU
1240,Test,0,1,16,EU
1241,Control,1,1,5,EU
1242,Test,0,0,15,US
1243,Control,0,0,19,US
1244,Test,0,1,17,US
1245,Control,0,0,19,EU
1246,Control,1,0,9,EU
1247,Test,1,0,18,US
1248,Control,0,0,8,US
1249,Test,0,0,13,EU
1250,Test,0,0,19,Asia
1251,Test,0,0,13,US
1252,Test,1,1,19,EU
1253,Control,1,0,18,EU
1254,Control,0,0,9,Asia
1255,Control,0,0,14,EU
1256,Test,0,0,8,EU
1257,Control,1,0,11,US
1258,Test,0,0,19,US
1259,Control,1,0,10,Asia
1260,Control,0,0,8,Asia
1261,Control,1,1,17,EU
1262,Test,0,0,17,US
1263,Control,1,0,19,Asia
1264,Control,0,0,14,Asia
1265,Test,0,0,6,Asia
1266,Control,0,1,5,EU
1267,Test,1,1,8,US
1268,Control,0,1,8,Asia
1269,Test,1,1,17,US
1270,Test,1,1,5,Asia
1271,Control,0,1,10,Asia
1272,Test,0,1,8,US
1273,Test,0,1,5,US
1274,Test,1,1,5,US
1275,Test,0,1,19,EU
1276,Test,1,1,17,Asia
1277,Test,1,1,5,EU
1278,Control,0,1,12,US
1279,Test,0,1,14,Asia
1280,Test,0,1,12,EU
1281,Control,0,1,6,Asia
1282,Control,0,0,15,EU
1283,Control,0,1,17,US
1284,Control,1,0,11,EU
1285,Control,1,1,18,Asia
1286,Control,1,1,12,Asia
1287,Control,0,0,12,Asia
1288,Test,1,1,15,Asia
1289,Test,1,0,14,US
1290,Control,1,0,19,EU
1291,Test,1,0,15,US
1292,Test,1,1,17,US
1293,Test,0,1,11,US
1294,Control,0,1,9,Asia
1295,Control,1,0,5,Asia
1296,Test,1,0,16,Asia
1297,Control,1,1,13,EU
1298,Test,0,1,17,Asia
1299,Test,0,1,11,EU
1300,Test,1,1,6,Asia
1301,Test,0,1,10,Asia
1302,Control,0,0,6,US
1303,Control,1,0,19,US
1304,Control,0,0,5,US
1305,Test,0,1,18,EU
1306,Control,1,0,11,EU
1307,Test,0,0,17,Asia
1308,Control,0,0,6,EU
1309,Test,1,0,17,Asia
1310,Test,0,0,18,EU
1311,Test,0,1,18,EU
1312,Control,1,0,6,EU
1313,Control,1,1,17,US
1314,Control,1,1,15,EU
1315,Control,0,1,9,US
1316,Test,1,1,18,US
1317,Control,0,1,9,EU
1318,Control,1,0,11,Asia
1319,Test,0,0,5,Asia
1320,Test,1,1,12,Asia
1321,Test,1,1,7,EU
1322,Control,1,1,8,Asia
1323,Test,1,0,19,US
1324,Test,0,1,13,Asia
1325,Test,1,0,8,EU
1326,Control,1,1,14,Asia
1327,Test,0,0,16,US
1328,Control,1,1,19,EU
1329,Control,0,0,9,Asia
1330,Test,1,1,11,EU
1331,Test,1,0,8,EU
1332,Control,1,0,18,EU
1333,Test,0,0,5,Asia
1334,Test,1,0,13,EU
1335,Control,1,0,8,Asia
1336,Control,1,0,13,US
1337,Test,0,0,10,Asia
1338,Control,0,1,19,US
1339,Test,1,1,5,Asia
1340,Test,0,1,16,EU
1341,Test,1,1,7,Asia
1342,Control,1,1,15,EU
1343,Test,1,0,6,US
1344,Test,1,0,13,Asia
1345,Test,1,0,19,EU
1346,Control,1,0,16,US
1347,Control,1,0,5,US
1348,Control,0,1,17,Asia
1349,Control,0,1,18,US
1350,Control,0,1,13,EU
1351,Test,0,1,13,US
1352,Control,0,0,12,US
1353,Control,0,0,12,EU
1354,Control,0,0,15,US
1355,Test,1,1,18,US
1356,Control,1,0,16,US
1357,Control,1,1,5,US
1358,Test,1,0,15,EU
1359,Control,0,0,12,US
1360,Test,0,1,14,EU
1361,Test,1,0,18,US
1362,Test,1,0,7,US
1363,Test,0,1,15,US
1364,Test,1,0,11,US
1365,Control,1,1,15,EU
1366,Test,1,0,19,EU
1367,Test,1,0,5,EU
1368,Control,0,0,5,Asia
1369,Test,1,0,14,US
1370,Control,1,0,17,US
1371,Control,0,0,9,EU
1372,Control,0,0,9,Asia
1373,Test,1,0,12,US
1374,Test,0,1,11,EU
1375,Test,1,1,12,US
1376,Control,1,0,10,US
1377,Test,0,0,10,EU
1378,Test,1,1,6,EU
1379,Test,1,0,10,US
1380,Control,1,0,9,US
1381,Control,1,1,17,EU
1382,Test,0,0,7,US
1383,Test,0,0,10,US
1384,Test,1,1,12,EU
1385,Test,0,0,13,US
1386,Control,1,0,5,US
1387,Control,1,1,7,Asia
1388,Control,1,0,7,EU
1389,Control,1,1,15,Asia
1390,Test,1,0,12,Asia
1391,Test,0,0,5,Asia
1392,Test,1,1,9,US
1393,Control,0,1,7,US
1394,Test,0,0,6,Asia
1395,Control,1,1,19,Asia
1396,Control,1,1,12,Asia
1397,Test,1,0,7,US
1398,Test,1,0,11,Asia
1399,Test,1,0,16,Asia
1400,Control,0,1,15,EU
1401,Test,1,1,5,EU
1402,Control,1,1,10,US
1403,Test,0,1,7,EU
1404,Control,0,0,12,EU
1405,Control,1,1,10,EU
1406,Test,0,0,16,US
1407,Control,1,1,6,EU
1408,Control,0,0,10,US
1409,Test,0,0,11,Asia
1410,Control,1,0,9,EU
1411,Test,0,1,7,US
1412,Control,0,0,8,EU
1413,Test,0,0,8,Asia
1414,Test,0,1,10,US
1415,Control,0,0,14,US
1416,Control,0,1,5,US
1417,Control,1,1,15,Asia
1418,Control,1,0,8,Asia
1419,Control,0,0,14,Asia
1420,Test,1,1,17,US
1421,Control,1,0,8,Asia
1422,Test,1,1,14,EU
1423,Test,0,1,5,Asia
1424,Control,1,1,13,US
1425,Test,0,0,8,EU
1426,Test,1,1,11,Asia
1427,Test,0,0,16,EU
1428,Test,0,0,18,EU
1429,Control,1,0,7,US
1430,Test,1,0,14,EU
1431,Control,0,1,16,EU
1432,Control,1,0,7,US
1433,Test,1,1,18,US
1434,Control,1,1,12,US
1435,Control,0,0,12,EU
1436,Control,0,1,15,EU
1437,Test,1,1,16,EU
1438,Control,1,0,5,US
1439,Control,1,1,14,Asia
1440,Control,0,1,6,EU
1441,Test,0,1,12,Asia
1442,Control,1,1,5,US
1443,Test,1,0,19,EU
1444,Test,1,1,16,Asia
1445,Test,1,1,12,EU
1446,Test,1,1,12,EU
1447,Test,1,1,6,EU
1448,Test,0,0,8,Asia
1449,Control,1,1,10,US
1450,Test,0,0,16,EU
1451,Control,1,1,15,US
1452,Control,1,0,13,US
1453,Test,0,0,19,Asia
1454,Control,0,0,12,Asia
1455,Control,0,0,16,US
1456,Control,0,0,19,EU
1457,Control,1,1,12,Asia
1458,Test,0,1,11,EU
1459,Control,1,1,18,EU
1460,Test,0,0,17,EU
1461,Control,1,1,13,US
1462,Control,1,0,19,EU
1463,Test,1,0,6,US
1464,Control,1,1,7,US
1465,Control,1,1,14,EU
1466,Control,1,0,12,EU
1467,Test,0,0,18,EU
1468,Control,1,1,10,EU
1469,Test,0,1,14,US
1470,Control,0,1,13,EU
1471,Test,1,1,14,EU
1472,Test,0,0,8,US
1473,Control,1,1,12,Asia
1474,Control,0,1,14,Asia
1475,Test,1,1,7,US
1476,Test,0,0,7,Asia
1477,Control,1,0,12,US
1478,Test,1,0,9,EU
1479,Control,1,0,7,EU
1480,Control,1,1,14,Asia
1481,Control,0,0,15,EU
1482,Control,1,1,5,Asia
1483,Test,0,1,19,Asia
1484,Control,0,1,7,EU
1485,Test,0,1,16,EU
1486,Control,1,0,13,Asia
1487,Test,0,0,9,EU
1488,Control,0,0,16,US
1489,Test,0,1,14,EU
1490,Test,1,1,19,EU
1491,Control,1,1,6,US
1492,Control,0,1,11,EU
1493,Control,1,1,19,EU
1494,Control,1,0,6,Asia
1495,Test,0,1,8,EU
1496,Control,0,0,16,EU
1497,Test,1,1,11,US
1498,Test,0,1,8,Asia
1499,Control,1,0,11,Asia
1500,Test,1,0,11,Asia
1501,Test,1,1,5,EU
1502,Test,1,1,10,Asia
1503,Test,1,1,13,US
1504,Control,1,1,6,Asia
1505,Control,0,0,18,US
1506,Control,0,1,7,Asia
1507,Control,1,0,14,Asia
1508,Test,1,1,9,US
1509,Test,1,0,13,Asia
1510,Control,0,0,8,Asia
1511,Control,1,1,5,Asia
1512,Control,0,0,8,EU
1513,Test,1,1,10,US
1514,Control,1,0,9,Asia
1515,Control,0,1,18,US
1516,Control,0,0,17,US
1517,Test,1,1,5,US
1518,Test,1,1,8,Asia
1519,Test,1,0,10,Asia
1520,Test,0,0,17,US
1521,Test,0,0,19,EU
1522,Test,0,0,14,US
1523,Test,0,1,14,EU
1524,Test,0,0,18,US
1525,Control,0,1,8,US
1526,Control,1,0,19,US
1527,Test,1,1,18,Asia
1528,Test,0,1,13,EU
1529,Control,1,1,9,EU
1530,Test,1,1,12,US
1531,Test,0,0,13,Asia
1532,Test,1,0,14,Asia
1533,Control,0,1,9,EU
1534,Control,0,0,10,Asia
1535,Control,1,0,5,EU
1536,Control,0,1,15,EU
1537,Control,0,0,16,EU
1538,Test,0,0,19,Asia
1539,Control,0,0,11,EU
1540,Test,0,1,8,EU
1541,Test,0,0,15,US
1542,Control,0,1,6,EU
1543,Control,0,0,9,EU
1544,Test,1,0,16,US
1545,Test,1,0,7,US
1546,Test,1,1,10,Asia
1547,Control,0,1,12,EU
1548,Control,0,0,11,Asia
1549,Control,1,1,7,Asia
1550,Control,1,0,12,US
1551,Control,1,1,6,Asia
1552,Test,0,1,14,EU
1553,Control,1,0,13,US
1554,Test,1,0,8,EU
1555,Test,0,0,5,EU
1556,Test,1,0,12,US
1557,Control,0,1,11,EU
1558,Control,0,1,15,US
1559,Control,0,1,17,EU
1560,Test,1,0,9,US
1561,Test,1,0,14,Asia
1562,Test,0,1,17,EU
1563,Test,1,0,9,US
1564,Test,1,1,11,EU
1565,Test,1,1,9,EU
1566,Control,1,1,12,EU
1567,Control,0,1,15,US
1568,Control,1,1,17,Asia
1569,Control,0,0,10,Asia
1570,Test,0,0,17,Asia
1571,Test,1,0,9,US
1572,Control,0,1,13,Asia
1573,Test,1,1,15,US
1574,Control,1,1,6,EU
1575,Control,0,1,5,EU
1576,Control,0,0,12,Asia
1577,Test,0,0,16,US
1578,Control,0,1,7,EU
1579,Control,1,1,18,US
1580,Control,1,1,15,US
1581,Test,1,0,16,EU
1582,Test,0,0,16,US
1583,Control,0,0,16,EU
1584,Test,0,1,11,EU
1585,Test,1,1,14,EU
1586,Test,0,0,17,US
1587,Test,1,1,15,EU
1588,Test,0,0,12,US
1589,Test,1,1,19,EU
1590,Test,1,0,17,EU
1591,Test,0,1,17,Asia
1592,Test,0,0,10,Asia
1593,Test,1,0,16,Asia
1594,Control,1,0,14,US
1595,Control,0,0,18,US
1596,Test,0,0,13,EU
1597,Control,1,0,11,EU
1598,Control,0,1,19,EU
1599,Test,1,1,14,EU
1600,Test,1,1,9,US
1601,Test,0,0,12,EU
1602,Control,0,0,19,EU
1603,Control,0,1,6,Asia
1604,Test,0,0,11,EU
1605,Test,0,0,19,EU
1606,Test,1,0,8,EU
1607,Control,1,0,13,US
1608,Control,0,0,16,Asia
1609,Control,0,1,5,EU
1610,Control,0,1,11,EU
1611,Test,1,1,10,Asia
1612,Test,0,1,12,EU
1613,Test,0,1,9,US
1614,Test,1,0,19,EU
1615,Control,1,0,5,US
1616,Control,0,0,5,US
1617,Test,0,0,13,EU
1618,Test,0,1,19,Asia
1619,Control,1,1,14,US
1620,Test,0,1,10,Asia
1621,Control,0,0,14,EU
1622,Test,0,1,9,US
1623,Test,1,0,19,EU
1624,Test,1,1,5,Asia
1625,Test,0,1,10,EU
1626,Test,0,0,10,EU
1627,Test,1,0,7,US
1628,Test,1,1,17,EU
1629,Control,1,1,12,EU
1630,Control,1,0,18,EU
1631,Control,1,1,19,US
1632,Control,1,1,5,Asia
1633,Control,1,0,5,Asia
1634,Test,1,1,10,EU
1635,Test,1,0,14,US
1636,Control,0,1,17,EU
1637,Test,0,0,5,Asia
1638,Control,0,1,10,US
1639,Control,1,0,5,Asia
1640,Test,0,1,18,Asia
1641,Test,1,0,17,US
1642,Test,1,1,10,US
1643,Control,0,1,7,EU
1644,Test,1,1,18,EU
1645,Control,0,1,18,Asia
1646,Control,0,1,19,US
1647,Control,0,1,12,US
1648,Test,1,1,17,EU
1649,Test,0,1,19,Asia
1650,Control,1,1,10,Asia
1651,Test,0,0,17,EU
1652,Test,0,0,15,US
1653,Test,0,1,17,EU
1654,Control,1,0,5,EU
1655,Control,1,1,19,EU
1656,Test,1,1,9,EU
1657,Control,0,0,12,US
1658,Test,0,1,7,EU
1659,Test,1,1,16,US
1660,Test,1,0,10,EU
1661,Test,1,0,9,Asia
1662,Control,1,1,10,US
1663,Control,1,0,14,Asia
1664,Control,1,0,5,EU
1665,Test,0,1,11,EU
1666,Test,1,0,13,EU
1667,Test,0,0,6,US
1668,Control,0,1,14,Asia
1669,Test,1,0,19,US
1670,Control,1,0,9,US
1671,Control,0,1,14,EU
1672,Control,1,1,8,Asia
1673,Control,1,1,10,EU
1674,Control,0,0,10,US
1675,Control,0,1,15,EU
1676,Test,0,1,6,Asia
1677,Test,1,0,6,EU
1678,Control,0,1,8,Asia
1679,Control,1,1,5,Asia
1680,Test,0,1,13,EU
1681,Control,0,1,18,US
1682,Control,0,0,18,EU
1683,Test,1,1,17,US
1684,Control,1,1,11,US
1685,Control,0,0,16,EU
1686,Control,0,1,11,US
1687,Test,0,0,19,US
1688,Test,1,0,7,EU
1689,Test,0,0,19,EU
1690,Control,1,1,15,EU
1691,Control,0,0,19,US
1692,Test,0,0,16,Asia
1693,Control,0,0,7,US
1694,Control,0,1,5,Asia
1695,Control,0,1,7,EU
1696,Control,0,1,7,Asia
1697,Control,1,1,8,EU
1698,Test,0,1,8,EU
1699,Control,1,1,7,Asia
1700,Test,0,1,14,EU
1701,Control,0,0,16,Asia
1702,Test,1,0,12,EU
1703,Control,0,0,12,US
1704,Test,1,0,17,US
1705,Control,1,1,17,EU
1706,Test,0,0,5,EU
1707,Control,1,0,11,Asia
1708,Test,1,0,15,US
1709,Control,0,0,6,Asia
1710,Test,1,1,5,EU
1711,Test,0,1,7,EU
1712,Control,0,1,8,Asia
1713,Control,0,0,17,EU
1714,Test,0,1,10,US
1715,Control,1,0,14,Asia
1716,Test,0,1,18,US
1717,Test,0,1,9,US
1718,Test,1,1,19,US
1719,Control,0,1,19,Asia
1720,Test,0,1,18,EU
1721,Test,1,0,8,US
1722,Control,1,1,12,US
1723,Control,1,0,15,US
1724,Control,1,0,16,EU
1725,Control,1,0,18,EU
1726,Test,1,0,8,Asia
1727,Test,1,0,17,EU
1728,Test,0,1,14,Asia
1729,Test,1,1,16,Asia
1730,Control,1,1,17,Asia
1731,Test,1,1,6,Asia
1732,Test,0,0,19,Asia
1733,Control,0,1,7,US
1734,Test,1,1,10,EU
1735,Test,1,0,12,US
1736,Test,1,0,12,Asia
1737,Test,0,1,19,EU
1738,Test,0,1,15,US
1739,Test,1,0,19,US
1740,Control,0,1,13,Asia
1741,Control,1,1,11,US
1742,Test,0,1,17,US
1743,Test,0,1,6,US
1744,Control,1,0,12,US
1745,Test,1,0,11,US
1746,Test,1,0,12,Asia
1747,Test,1,1,16,Asia
1748,Control,0,1,7,US
1749,Test,0,1,11,Asia
1750,Control,0,1,14,Asia
1751,Test,1,1,17,EU
1752,Control,0,0,13,US
1753,Control,1,1,7,Asia
1754,Test,0,1,18,Asia
1755,Control,1,0,14,US
1756,Test,1,1,10,EU
1757,Control,0,0,6,US
1758,Test,1,0,6,EU
1759,Test,1,0,9,US
1760,Control,0,0,9,US
1761,Test,1,0,17,US
1762,Test,1,1,11,US
1763,Control,1,0,16,EU
1764,Test,0,0,6,EU
1765,Test,0,1,15,Asia
1766,Control,1,1,18,US
1767,Control,0,0,17,EU
1768,Test,1,1,11,EU
1769,Test,1,1,9,EU
1770,Control,1,0,18,US
1771,Control,1,0,10,Asia
1772,Test,1,1,12,EU
1773,Control,0,0,14,US
1774,Test,1,0,17,EU
1775,Test,0,1,18,EU
1776,Test,0,0,16,Asia
1777,Test,1,0,8,EU
1778,Test,1,0,17,EU
1779,Control,0,0,11,US
1780,Control,0,0,10,US
1781,Control,0,1,14,Asia
1782,Control,1,1,6,US
1783,Test,0,0,19,US
1784,Test,1,1,12,Asia
1785,Test,1,0,14,EU
1786,Test,1,0,13,Asia
1787,Control,0,0,9,US
1788,Test,1,0,14,Asia
1789,Test,1,0,8,EU
1790,Control,1,1,10,Asia
1791,Control,1,1,12,US
1792,Control,1,0,15,US
1793,Control,0,1,19,Asia
1794,Test,1,0,7,EU
1795,Test,1,1,14,Asia
1796,Control,0,0,15,EU
1797,Test,1,1,15,EU
1798,Test,0,0,5,Asia
1799,Test,1,0,8,EU
1800,Control,0,1,19,US
1801,Test,0,1,8,Asia
1802,Control,1,0,5,EU
1803,Test,1,1,13,US
1804,Test,1,0,7,Asia
1805,Test,0,1,9,US
1806,Control,0,1,10,US
1807,Test,0,0,12,US
1808,Control,1,1,10,EU
1809,Control,0,1,7,Asia
1810,Control,0,0,10,Asia
1811,Test,1,1,5,EU
1812,Test,0,0,8,Asia
1813,Test,0,0,10,US
1814,Test,1,0,11,Asia
1815,Control,0,0,15,EU
1816,Control,1,0,17,US
1817,Control,1,1,15,EU
1818,Test,1,0,14,US
1819,Control,1,0,7,US
1820,Test,1,1,13,Asia
1821,Control,0,1,16,US
1822,Test,0,1,16,EU
1823,Test,1,0,11,Asia
1824,Control,1,0,18,EU
1825,Control,0,0,5,US
1826,Control,1,1,6,EU
1827,Control,1,0,5,EU
1828,Test,1,1,15,US
1829,Control,0,0,13,Asia
1830,Control,0,1,13,EU
1831,Control,1,0,11,US
1832,Test,1,0,14,Asia
1833,Test,0,0,7,Asia
1834,Control,0,1,17,Asia
1835,Test,1,1,19,EU
1836,Control,1,0,9,EU
1837,Test,0,0,19,EU
1838,Test,0,0,8,Asia
1839,Test,0,1,11,EU
1840,Test,1,0,18,US
1841,Control,0,0,13,EU
1842,Control,1,0,16,EU
1843,Control,0,0,6,Asia
1844,Test,0,1,17,EU
1845,Control,0,1,12,US
1846,Control,0,0,19,Asia
1847,Control,1,0,13,US
1848,Test,1,1,14,Asia
1849,Test,0,1,18,Asia
1850,Test,1,0,14,EU
1851,Control,0,1,13,US
1852,Control,0,1,18,Asia
1853,Control,0,0,14,EU
1854,Test,0,1,18,Asia
1855,Test,1,1,11,Asia
1856,Control,0,0,19,Asia
1857,Test,0,0,13,Asia
1858,Test,1,1,13,Asia
1859,Test,0,0,18,Asia
1860,Test,0,1,7,EU
1861,Control,0,0,8,Asia
1862,Test,1,1,6,US
1863,Test,0,0,14,EU
1864,Test,1,1,7,US
1865,Test,0,1,15,Asia
1866,Control,0,1,15,US
1867,Control,1,0,9,Asia
1868,Test,0,0,9,Asia
1869,Test,0,1,10,EU
1870,Test,1,1,17,EU
1871,Test,1,0,11,Asia
1872,Test,1,0,11,EU
1873,Test,1,0,5,US
1874,Control,1,0,18,EU
1875,Test,0,0,6,EU
1876,Control,1,0,16,US
1877,Control,0,1,13,EU
1878,Test,0,0,14,Asia
1879,Control,0,1,6,US
1880,Control,1,0,10,Asia
1881,Control,1,0,15,US
1882,Control,0,1,15,Asia
1883,Control,1,1,5,Asia
1884,Control,1,0,7,EU
1885,Test,1,1,6,Asia
1886,Control,1,1,7,EU
1887,Control,0,1,9,US
1888,Control,0,1,15,Asia
1889,Test,1,0,14,Asia
1890,Control,0,1,10,US
1891,Test,1,0,13,US
1892,Control,1,0,16,Asia
1893,Test,0,0,15,US
1894,Test,0,0,19,EU
1895,Control,0,1,19,US
1896,Control,1,1,14,US
1897,Test,0,0,16,Asia
1898,Control,1,0,16,EU
1899,Test,0,0,17,US
1900,Test,0,0,8,EU
1901,Test,1,1,11,EU
1902,Test,1,0,10,EU
1903,Test,1,1,6,Asia
1904,Control,1,0,14,US
1905,Test,1,0,15,Asia
1906,Test,1,0,15,US
1907,Control,1,0,15,US
1908,Test,1,1,19,Asia
1909,Control,0,1,19,EU
1910,Control,1,1,12,EU
1911,Control,1,0,11,US
1912,Test,0,0,19,Asia
1913,Test,1,1,19,EU
1914,Test,0,1,11,EU
1915,Control,0,0,18,US
1916,Test,1,0,19,US
1917,Control,0,1,12,Asia
1918,Test,1,0,16,US
1919,Control,0,0,16,EU
1920,Test,0,1,17,EU
1921,Test,0,0,18,EU
1922,Test,1,1,15,EU
1923,Control,1,0,5,Asia
1924,Control,0,1,19,Asia
1925,Test,0,0,17,US
1926,Test,1,1,5,US
1927,Control,1,1,12,US
1928,Control,0,1,8,Asia
1929,Control,0,1,9,EU
1930,Test,1,0,12,US
1931,Control,1,0,9,EU
1932,Test,1,1,14,US
1933,Control,1,0,8,US
1934,Test,1,0,16,US
1935,Control,0,0,10,US
1936,Control,1,0,17,US
1937,Control,0,0,19,EU
1938,Control,1,1,16,US
1939,Control,0,1,9,EU
1940,Test,1,1,18,Asia
1941,Control,1,1,11,US
1942,Control,0,0,18,EU
1943,Control,0,0,14,Asia
1944,Test,1,1,11,Asia
1945,Control,1,0,17,Asia
1946,Test,1,0,8,EU
1947,Control,1,1,16,US
1948,Control,1,0,17,US
1949,Test,0,1,9,EU
1950,Control,0,1,17,US
1951,Test,1,0,7,EU
1952,Test,0,0,19,US
1953,Control,0,1,8,Asia
1954,Test,0,1,19,US
1955,Control,1,0,18,EU
1956,Control,0,1,8,EU
1957,Test,1,1,7,Asia
1958,Test,0,1,17,EU
1959,Test,1,0,14,US
1960,Test,0,1,9,US
1961,Control,1,0,9,Asia
1962,Control,1,1,15,EU
1963,Test,0,0,11,Asia
1964,Control,1,1,8,US
1965,Control,1,0,17,Asia
1966,Control,1,0,8,EU
1967,Control,1,0,13,Asia
1968,Test,1,1,10,EU
1969,Test,1,1,19,EU
1970,Control,1,1,8,US
1971,Test,1,0,6,US
1972,Test,0,1,10,US
1973,Test,0,0,6,EU
1974,Control,1,1,9,Asia
1975,Control,1,0,10,EU
1976,Control,0,0,8,US
1977,Test,0,0,18,US
1978,Control,0,1,17,Asia
1979,Control,1,1,7,US
1980,Test,0,1,11,US
1981,Control,1,0,6,US
1982,Control,1,0,17,Asia
1983,Test,0,1,15,EU
1984,Test,1,1,18,US
1985,Test,1,1,10,Asia
1986,Control,1,0,17,US
1987,Control,1,0,8,Asia
1988,Control,0,0,10,US
1989,Test,0,0,8,Asia
1990,Test,1,0,8,US
1991,Control,1,1,19,EU
1992,Control,0,0,8,US
1993,Test,1,0,13,Asia
1994,Test,0,0,11,US
1995,Test,1,0,7,EU
1996,Test,1,0,7,US
1997,Control,0,1,10,Asia
1998,Test,0,0,10,Asia
1999,Control,0,0,8,EU
2000,Control,0,0,19,Asia
2001,Control,1,1,19,US
2002,Test,0,1,13,US
2003,Test,1,1,8,US
2004,Test,0,0,13,Asia
2005,Test,0,1,8,US
2006,Control,1,0,6,US
2007,Test,0,0,6,US
2008,Test,0,1,9,EU
2009,Control,0,0,8,Asia
2010,Test,0,0,11,Asia
2011,Control,1,0,18,Asia
2012,Control,1,1,15,EU
2013,Control,0,0,9,Asia
2014,Control,0,0,10,EU
2015,Control,0,1,14,EU
2016,Control,1,0,8,Asia
2017,Control,1,0,17,US
2018,Control,1,1,16,US
2019,Test,1,0,6,Asia
2020,Test,0,0,17,Asia
2021,Test,0,0,14,EU
2022,Test,0,0,13,Asia
2023,Control,1,0,14,EU
2024,Test,0,1,19,Asia
2025,Control,1,1,11,US
2026,Test,1,1,8,US
2027,Test,0,1,7,Asia
2028,Test,0,0,14,EU
2029,Control,0,0,18,US
2030,Test,1,0,19,EU
2031,Control,1,0,7,Asia
2032,Control,0,0,13,Asia
2033,Test,0,1,9,US
2034,Test,1,1,17,Asia
2035,Test,0,0,19,US
2036,Control,1,0,7,EU
2037,Test,1,0,19,US
2038,Control,0,1,9,US
2039,Control,0,0,6,EU
2040,Test,0,0,15,US
2041,Test,0,0,8,US
2042,Control,1,1,14,Asia
2043,Control,1,0,6,EU
2044,Control,1,1,6,US
2045,Test,0,1,16,EU
2046,Control,1,1,12,EU
2047,Test,0,1,5,US
2048,Control,0,1,18,Asia
2049,Control,0,1,11,EU
2050,Test,0,0,9,US
2051,Control,0,0,19,EU
2052,Test,0,0,15,Asia
2053,Test,1,1,12,Asia
2054,Control,0,0,5,Asia
2055,Test,1,1,15,US
2056,Test,1,1,11,US
2057,Control,0,1,9,Asia
2058,Test,0,0,8,US
2059,Test,0,1,11,Asia
2060,Test,1,1,14,US
2061,Control,0,0,19,Asia
2062,Test,1,0,6,EU
2063,Control,0,1,16,Asia
2064,Control,0,1,19,Asia
2065,Test,1,0,5,US
2066,Test,1,0,5,US
2067,Test,0,0,15,US
2068,Control,1,1,16,US
2069,Test,1,0,5,US
2070,Test,1,0,19,US
2071,Test,1,0,16,EU
2072,Test,1,1,9,Asia
2073,Test,0,0,14,Asia
2074,Control,0,0,11,Asia
2075,Control,1,0,6,EU
2076,Test,0,0,14,Asia
2077,Test,0,0,12,EU
2078,Test,1,1,8,EU
2079,Test,0,1,16,EU
2080,Control,1,1,7,Asia
2081,Test,1,0,14,EU
2082,Control,0,1,15,Asia
2083,Control,1,1,12,Asia
2084,Test,1,1,6,US
2085,Control,1,0,15,US
2086,Control,1,0,15,EU
2087,Control,1,1,17,EU
2088,Control,0,1,7,Asia
2089,Test,0,0,16,EU
2090,Test,1,0,7,EU
2091,Control,1,1,14,Asia
2092,Test,0,0,15,EU
2093,Test,1,1,5,EU
2094,Test,0,0,10,Asia
2095,Test,1,1,6,Asia
2096,Test,1,1,5,US
2097,Control,1,0,6,Asia
2098,Test,1,1,16,US
2099,Test,1,1,10,EU
2100,Test,1,1,18,Asia
